"_defaultColorIndex","id","lineKey","lineVal","name","step"
"14","qr36ik24","true","0.24765445291996002","lilac-plant-31","-0.16375166177749634"
"14","qr36ik24","true","0.11058098077774048","lilac-plant-31","0.24764345586299896"
"14","qr36ik24","true","-0.40342918038368225","lilac-plant-31","0.11057385057210922"
"14","qr36ik24","true","-0.7972787022590637","lilac-plant-31","-0.4034217894077301"
"14","qr36ik24","true","-1.0054128170013428","lilac-plant-31","-0.7972601652145386"
"14","qr36ik24","true","-0.896804690361023","lilac-plant-31","-1.0053884983062744"
"14","qr36ik24","true","-0.4823657274246216","lilac-plant-31","-0.8967834115028381"
"14","qr36ik24","true","-0.24447275698184967","lilac-plant-31","-0.48235613107681274"
"14","qr36ik24","true","0.01929667964577675","lilac-plant-31","-0.24446986615657806"
"14","qr36ik24","true","-0.4789235591888428","lilac-plant-31","0.01929212547838688"
"14","qr36ik24","true","-0.47961652278900146","lilac-plant-31","-0.4789140522480011"
"14","qr36ik24","true","-0.5857192277908325","lilac-plant-31","-0.4796069860458374"
"14","qr36ik24","true","0.41815853118896484","lilac-plant-31","-0.5857066512107849"
"14","qr36ik24","true","0.44447749853134155","lilac-plant-31","0.418142706155777"
"14","qr36ik24","true","0.5597714781761169","lilac-plant-31","0.444460928440094"
"14","qr36ik24","true","-0.0613393560051918","lilac-plant-31","0.5597516298294067"
"14","qr36ik24","true","-0.9448691010475159","lilac-plant-31","-0.06134163215756416"
"14","qr36ik24","true","-0.7373206615447998","lilac-plant-31","-0.9448464512825012"
"14","qr36ik24","true","-0.43404459953308105","lilac-plant-31","-0.7373037934303284"
"14","qr36ik24","true","-0.5402707457542419","lilac-plant-31","-0.43403634428977966"
"14","qr36ik24","true","-0.6946985721588135","lilac-plant-31","-0.5402594804763794"
"14","qr36ik24","true","-0.48294180631637573","lilac-plant-31","-0.6946829557418823"
"14","qr36ik24","true","-0.4076325595378876","lilac-plant-31","-0.4829321801662445"
"14","qr36ik24","true","0.35685789585113525","lilac-plant-31","-0.4076250493526459"
"14","qr36ik24","true","0.5290095210075378","lilac-plant-31","0.3568437993526459"
"14","qr36ik24","true","0.19887226819992065","lilac-plant-31","0.5289905667304993"
"14","qr36ik24","true","-0.13694342970848083","lilac-plant-31","0.19886264204978943"
"14","qr36ik24","true","-0.21186944842338562","lilac-plant-31","-0.13694356381893158"
"14","qr36ik24","true","-0.23364920914173126","lilac-plant-31","-0.21186746656894684"
"14","qr36ik24","true","-0.10424777120351791","lilac-plant-31","-0.23364661633968353"
"14","qr36ik24","true","1.9243850708007812","lilac-plant-31","-0.10424883663654327"
"14","qr36ik24","true","2.4544742107391357","lilac-plant-31","1.9243266582489014"
"14","qr36ik24","true","-0.8563085198402405","lilac-plant-31","2.4544010162353516"
"14","qr36ik24","true","-0.8089252710342407","lilac-plant-31","-0.8562883734703064"
"14","qr36ik24","true","0.3059110939502716","lilac-plant-31","-0.8089063763618469"
"14","qr36ik24","true","-0.8820012807846069","lilac-plant-31","0.30589842796325684"
"14","qr36ik24","true","-0.8160997033119202","lilac-plant-31","-0.8819803595542908"
"14","qr36ik24","true","-0.20301267504692078","lilac-plant-31","-0.816080629825592"
"14","qr36ik24","true","0.10603012889623642","lilac-plant-31","-0.2030109465122223"
"14","qr36ik24","true","0.3612583875656128","lilac-plant-31","0.10602312535047531"
"14","qr36ik24","true","0.2581193149089813","lilac-plant-31","0.36124417185783386"
"14","qr36ik24","true","-0.49796441197395325","lilac-plant-31","0.258107990026474"
"14","qr36ik24","true","-0.9162380695343018","lilac-plant-31","-0.4979543387889862"
"14","qr36ik24","true","-0.8212148547172546","lilac-plant-31","-0.9162161946296692"
"14","qr36ik24","true","-0.6137890219688416","lilac-plant-31","-0.821195662021637"
"14","qr36ik24","true","-0.7778530716896057","lilac-plant-31","-0.6137756705284119"
"14","qr36ik24","true","-0.24615225195884705","lilac-plant-31","-0.7778351306915283"
"14","qr36ik24","true","0.15979641675949097","lilac-plant-31","-0.24614930152893066"
"14","qr36ik24","true","-0.286537230014801","lilac-plant-31","0.15978789329528809"
"14","qr36ik24","true","-0.4622170329093933","lilac-plant-31","-0.2865331470966339"
"14","qr36ik24","true","0.10091722756624222","lilac-plant-31","-0.46220800280570984"
"14","qr36ik24","true","0.5601791739463806","lilac-plant-31","0.10091037303209305"
"14","qr36ik24","true","0.5611293315887451","lilac-plant-31","0.5601593255996704"
"14","qr36ik24","true","0.07526341080665588","lilac-plant-31","0.5611094832420349"
"14","qr36ik24","true","0.005059900227934122","lilac-plant-31","0.07525727897882462"
"14","qr36ik24","true","-0.8197572231292725","lilac-plant-31","0.005055747926235199"
"14","qr36ik24","true","-0.8734573125839233","lilac-plant-31","-0.8197380900382996"
"14","qr36ik24","true","-0.5428503155708313","lilac-plant-31","-0.873436689376831"
"14","qr36ik24","true","-0.3407202363014221","lilac-plant-31","-0.542838990688324"
"14","qr36ik24","true","-0.4688927233219147","lilac-plant-31","-0.34071463346481323"
"14","qr36ik24","true","-0.5665859580039978","lilac-plant-31","-0.4688834846019745"
"14","qr36ik24","true","-0.5137078166007996","lilac-plant-31","-0.566573977470398"
"14","qr36ik24","true","0.2730591893196106","lilac-plant-31","-0.5136973261833191"
"14","qr36ik24","true","0.9684505462646484","lilac-plant-31","0.27304747700691223"
"14","qr36ik24","true","0.4858546555042267","lilac-plant-31","0.9684191942214966"
"14","qr36ik24","true","0.06878913193941116","lilac-plant-31","0.485836923122406"
"14","qr36ik24","true","-0.1529313623905182","lilac-plant-31","0.06878317892551422"
"14","qr36ik24","true","-0.18248678743839264","lilac-plant-31","-0.15293104946613312"
"14","qr36ik24","true","0.37960025668144226","lilac-plant-31","-0.1824856400489807"
"14","qr36ik24","true","4.307950496673584","lilac-plant-31","0.37958553433418274"
"14","qr36ik24","true","0.06206652894616127","lilac-plant-31","4.307824611663818"
"14","qr36ik24","true","-0.5972693562507629","lilac-plant-31","0.06206076592206955"
"14","qr36ik24","true","-0.1589195281267166","lilac-plant-31","-0.5972564816474915"
"14","qr36ik24","true","0.6638939380645752","lilac-plant-31","-0.1589190512895584"
"14","qr36ik24","true","-0.9126473069190979","lilac-plant-31","0.663871169090271"
"14","qr36ik24","true","-0.11102324724197388","lilac-plant-31","-0.9126255512237549"
"14","qr36ik24","true","0.4554857313632965","lilac-plant-31","-0.11102411895990372"
"14","qr36ik24","true","-0.13635407388210297","lilac-plant-31","0.4554688632488251"
"14","qr36ik24","true","-0.00599317392334342","lilac-plant-31","-0.1363542228937149"
"14","qr36ik24","true","0.2570846676826477","lilac-plant-31","-0.00599701376631856"
"14","qr36ik24","true","-0.6708487272262573","lilac-plant-31","0.25707340240478516"
"14","qr36ik24","true","-0.9553413391113281","lilac-plant-31","-0.6708337664604187"
"14","qr36ik24","true","-0.9262078404426575","lilac-plant-31","-0.9553183913230896"
"14","qr36ik24","true","-1.027685284614563","lilac-plant-31","-0.926185667514801"
"14","qr36ik24","true","-0.653258740901947","lilac-plant-31","-1.0276602506637573"
"14","qr36ik24","true","0.020873935893177986","lilac-plant-31","-0.6532442569732666"
"14","qr36ik24","true","-0.10130324214696884","lilac-plant-31","0.020869337022304535"
"14","qr36ik24","true","-0.4196493327617645","lilac-plant-31","-0.10130438953638077"
"14","qr36ik24","true","-0.29456546902656555","lilac-plant-31","-0.41964149475097656"
"14","qr36ik24","true","-0.07598119229078293","lilac-plant-31","-0.29456114768981934"
"14","qr36ik24","true","0.7466180324554443","lilac-plant-31","-0.07598305493593216"
"14","qr36ik24","true","0.6362886428833008","lilac-plant-31","0.7465929388999939"
"14","qr36ik24","true","-0.08416766673326492","lilac-plant-31","0.6362666487693787"
"14","qr36ik24","true","-0.5154954195022583","lilac-plant-31","-0.08416929841041565"
"14","qr36ik24","true","-1.0935380458831787","lilac-plant-31","-0.5154848694801331"
"14","qr36ik24","true","-0.6313798427581787","lilac-plant-31","-1.0935112237930298"
"14","qr36ik24","true","-0.8343003392219543","lilac-plant-31","-0.6313660144805908"
"14","qr36ik24","true","-0.8102604746818542","lilac-plant-31","-0.834280788898468"
"14","qr36ik24","true","-0.7308731079101562","lilac-plant-31","-0.8102415800094604"
"14","qr36ik24","true","-0.6408919095993042","lilac-plant-31","-0.7308564782142639"
"14","qr36ik24","true","0.09601882845163345","lilac-plant-31","-0.6408778429031372"
"14","qr36ik24","true","0.602058470249176","lilac-plant-31","0.09601210802793503"
"14","qr36ik24","true","0.1670779436826706","lilac-plant-31","0.6020374298095703"
"14","qr36ik24","true","-0.15791746973991394","lilac-plant-31","0.167069211602211"
"14","qr36ik24","true","-0.2754627466201782","lilac-plant-31","-0.15791702270507812"
"14","qr36ik24","true","-0.2668689489364624","lilac-plant-31","-0.275458961725235"
"14","qr36ik24","true","2.4702916145324707","lilac-plant-31","-0.26686543226242065"
"14","qr36ik24","true","2.2067744731903076","lilac-plant-31","2.4702179431915283"
"14","qr36ik24","true","-0.7687395811080933","lilac-plant-31","2.2067081928253174"
"14","qr36ik24","true","-0.5271547436714172","lilac-plant-31","-0.768721878528595"
"14","qr36ik24","true","0.8938482999801636","lilac-plant-31","-0.5271438360214233"
"14","qr36ik24","true","-0.5070975422859192","lilac-plant-31","0.8938190340995789"
"14","qr36ik24","true","-0.23994946479797363","lilac-plant-31","-0.507087230682373"
"14","qr36ik24","true","0.04193580523133278","lilac-plant-31","-0.23994669318199158"
"14","qr36ik24","true","-0.5689952969551086","lilac-plant-31","0.04193061217665672"
"14","qr36ik24","true","-0.03128039464354515","lilac-plant-31","-0.568983256816864"
"14","qr36ik24","true","0.2160032093524933","lilac-plant-31","-0.03128352016210556"
"14","qr36ik24","true","-0.5585600137710571","lilac-plant-31","0.21599309146404266"
"14","qr36ik24","true","-1.0739489793777466","lilac-plant-31","-0.5585482120513916"
"14","qr36ik24","true","-1.0724259614944458","lilac-plant-31","-1.0739226341247559"
"14","qr36ik24","true","-1.2267754077911377","lilac-plant-31","-1.072399616241455"
"14","qr36ik24","true","-0.7065703868865967","lilac-plant-31","-1.2267447710037231"
"14","qr36ik24","true","-0.0008799009374342859","lilac-plant-31","-0.7065544724464417"
"14","qr36ik24","true","0.019858598709106445","lilac-plant-31","-0.0008838851936161518"
"14","qr36ik24","true","-0.5731040239334106","lilac-plant-31","0.019854027777910233"
"14","qr36ik24","true","-0.4848541021347046","lilac-plant-31","-0.5730918645858765"
"14","qr36ik24","true","0.2775099575519562","lilac-plant-31","-0.4848444163799286"
"14","qr36ik24","true","0.20441414415836334","lilac-plant-31","0.2774980962276459"
"14","qr36ik24","true","0.07391054928302765","lilac-plant-31","0.20440436899662018"
"14","qr36ik24","true","-0.059188153594732285","lilac-plant-31","0.07390445470809937"
"14","qr36ik24","true","-0.38876616954803467","lilac-plant-31","-0.05919048935174942"
"14","qr36ik24","true","-0.827438235282898","lilac-plant-31","-0.38875919580459595"
"14","qr36ik24","true","-0.5008851289749146","lilac-plant-31","-0.827418863773346"
"14","qr36ik24","true","-0.5949710011482239","lilac-plant-31","-0.5008749961853027"
"14","qr36ik24","true","-0.46301206946372986","lilac-plant-31","-0.5949581861495972"
"14","qr36ik24","true","-0.7442330121994019","lilac-plant-31","-0.4630029797554016"
"14","qr36ik24","true","-0.8039288520812988","lilac-plant-31","-0.7442159652709961"
"14","qr36ik24","true","-0.0861477255821228","lilac-plant-31","-0.8039101958274841"
"14","qr36ik24","true","1.011797308921814","lilac-plant-31","-0.08614929765462875"
"14","qr36ik24","true","0.7131364345550537","lilac-plant-31","1.0117647647857666"
"14","qr36ik24","true","0.20806242525577545","lilac-plant-31","0.7131122946739197"
"14","qr36ik24","true","-0.004511387087404728","lilac-plant-31","0.20805254578590393"
"14","qr36ik24","true","-0.11963670700788498","lilac-plant-31","-0.004515268839895725"
"14","qr36ik24","true","0.9670019745826721","lilac-plant-31","-0.11963733285665512"
"14","qr36ik24","true","5.032959938049316","lilac-plant-31","0.9669706225395203"
"14","qr36ik24","true","6.112995147705078","lilac-plant-31","5.032814025878906"
"14","qr36ik24","true","-0.6263470649719238","lilac-plant-31","6.112818717956543"
"14","qr36ik24","true","0.06464245915412903","lilac-plant-31","-0.6263333559036255"
"14","qr36ik24","true","-0.24570484459400177","lilac-plant-31","0.06463662534952164"
"14","qr36ik24","true","-0.9361953735351562","lilac-plant-31","-0.24570190906524658"
"14","qr36ik24","true","-0.32585427165031433","lilac-plant-31","-0.9361729025840759"
"14","qr36ik24","true","0.19128930568695068","lilac-plant-31","-0.3258490562438965"
"14","qr36ik24","true","-0.5935338139533997","lilac-plant-31","0.19127988815307617"
"14","qr36ik24","true","0.2181105613708496","lilac-plant-31","-0.5935210585594177"
"14","qr36ik24","true","0.22019122540950775","lilac-plant-31","0.2181003838777542"
"14","qr36ik24","true","-0.6695445775985718","lilac-plant-31","0.22018100321292877"
"14","qr36ik24","true","-0.8857991099357605","lilac-plant-31","-0.6695296764373779"
"14","qr36ik24","true","-0.8374824523925781","lilac-plant-31","-0.8857781291007996"
"14","qr36ik24","true","-0.7405769228935242","lilac-plant-31","-0.8374627828598022"
"14","qr36ik24","true","-0.09734977036714554","lilac-plant-31","-0.7405600547790527"
"14","qr36ik24","true","-0.07969637215137482","lilac-plant-31","-0.09735102206468582"
"14","qr36ik24","true","-0.5155383944511414","lilac-plant-31","-0.07969813048839569"
"14","qr36ik24","true","-0.3742634057998657","lilac-plant-31","-0.5155277848243713"
"14","qr36ik24","true","1.0157724618911743","lilac-plant-31","-0.37425684928894043"
"14","qr36ik24","true","0.5511553883552551","lilac-plant-31","1.0157397985458374"
"14","qr36ik24","true","0.4686589241027832","lilac-plant-31","0.551135778427124"
"14","qr36ik24","true","0.17671750485897064","lilac-plant-31","0.4686416685581207"
"14","qr36ik24","true","-0.5009100437164307","lilac-plant-31","0.17670850455760956"
"14","qr36ik24","true","-1.0027546882629395","lilac-plant-31","-0.5008999109268188"
"14","qr36ik24","true","-0.9533292055130005","lilac-plant-31","-1.002730369567871"
"14","qr36ik24","true","-0.8085941076278687","lilac-plant-31","-0.9533063173294067"
"14","qr36ik24","true","-0.563469409942627","lilac-plant-31","-0.8085752725601196"
"14","qr36ik24","true","-0.6218312382698059","lilac-plant-31","-0.5634574890136719"
"14","qr36ik24","true","-0.6739190220832825","lilac-plant-31","-0.6218176484107971"
"14","qr36ik24","true","-0.007453285623341799","lilac-plant-31","-0.6739040017127991"
"14","qr36ik24","true","0.6992016434669495","lilac-plant-31","-0.007457084488123655"
"14","qr36ik24","true","0.3788227140903473","lilac-plant-31","0.6991778612136841"
"14","qr36ik24","true","-0.018757563084363937","lilac-plant-31","0.37880799174308777"
"14","qr36ik24","true","-0.259589821100235","lilac-plant-31","-0.0187610425055027"
"14","qr36ik24","true","-0.27609017491340637","lilac-plant-31","-0.25958648324012756"
"14","qr36ik24","true","1.2520500421524048","lilac-plant-31","-0.27608639001846313"
"14","qr36ik24","true","6.1740827560424805","lilac-plant-31","1.2520105838775635"
"14","qr36ik24","true","-1.0345402956008911","lilac-plant-31","6.1739044189453125"
"14","qr36ik24","true","0.5666568279266357","lilac-plant-31","-1.034515142440796"
"14","qr36ik24","true","1.2913522720336914","lilac-plant-31","0.5666368007659912"
"14","qr36ik24","true","-0.45820146799087524","lilac-plant-31","1.2913117408752441"
"14","qr36ik24","true","-0.9539231061935425","lilac-plant-31","-0.4581925570964813"
"14","qr36ik24","true","0.14238570630550385","lilac-plant-31","-0.953900158405304"
"14","qr36ik24","true","-0.036116406321525574","lilac-plant-31","0.14237767457962036"
"14","qr36ik24","true","-0.354964017868042","lilac-plant-31","-0.03611939400434494"
"14","qr36ik24","true","0.5741777420043945","lilac-plant-31","-0.35495802760124207"
"14","qr36ik24","true","0.01834285818040371","lilac-plant-31","0.5741575360298157"
"14","qr36ik24","true","-0.79302579164505","lilac-plant-31","0.01833833009004593"
"14","qr36ik24","true","-0.9293549060821533","lilac-plant-31","-0.7930073738098145"
"14","qr36ik24","true","-0.8386391401290894","lilac-plant-31","-0.9293326735496521"
"14","qr36ik24","true","-0.6172407269477844","lilac-plant-31","-0.8386194705963135"
"14","qr36ik24","true","-0.03697124868631363","lilac-plant-31","-0.61722731590271"
"14","qr36ik24","true","-0.3340120315551758","lilac-plant-31","-0.036974214017391205"
"14","qr36ik24","true","-0.7887926697731018","lilac-plant-31","-0.3340066075325012"
"14","qr36ik24","true","-0.5435935258865356","lilac-plant-31","-0.7887743711471558"
"14","qr36ik24","true","1.088018536567688","lilac-plant-31","-0.5435822010040283"
"14","qr36ik24","true","0.4297623634338379","lilac-plant-31","1.0879838466644287"
"14","qr36ik24","true","0.9317653179168701","lilac-plant-31","0.42974621057510376"
"14","qr36ik24","true","-0.21555443108081818","lilac-plant-31","0.9317349791526794"
"14","qr36ik24","true","-1.1461331844329834","lilac-plant-31","-0.21555234491825104"
"14","qr36ik24","true","-1.0357587337493896","lilac-plant-31","-1.1461048126220703"
"14","qr36ik24","true","-1.1182875633239746","lilac-plant-31","-1.0357334613800049"
"14","qr36ik24","true","-1.081322431564331","lilac-plant-31","-1.1182599067687988"
"14","qr36ik24","true","-0.5764937400817871","lilac-plant-31","-1.0812958478927612"
"14","qr36ik24","true","-0.7926146388053894","lilac-plant-31","-0.5764814615249634"
"14","qr36ik24","true","-0.6054953932762146","lilac-plant-31","-0.7925962209701538"
"14","qr36ik24","true","-0.3865005075931549","lilac-plant-31","-0.605482280254364"
"14","qr36ik24","true","-0.05802660435438156","lilac-plant-31","-0.38649359345436096"
"14","qr36ik24","true","-0.14168484508991241","lilac-plant-31","-0.05802897363901138"
"14","qr36ik24","true","-0.4643597900867462","lilac-plant-31","-0.14168484508991241"
"14","qr36ik24","true","-0.5014735460281372","lilac-plant-31","-0.4643506705760956"
"14","qr36ik24","true","-0.19168521463871002","lilac-plant-31","-0.5014634132385254"
"14","qr36ik24","true","1.1809500455856323","lilac-plant-31","-0.1916838139295578"
"14","qr36ik24","true","2.6536102294921875","lilac-plant-31","1.180912733078003"
"14","qr36ik24","true","-1.0464246273040771","lilac-plant-31","2.653531312942505"
"14","qr36ik24","true","-0.6083394885063171","lilac-plant-31","-1.0463991165161133"
"14","qr36ik24","true","0.6770651340484619","lilac-plant-31","-0.6083263158798218"
"14","qr36ik24","true","-0.9522824287414551","lilac-plant-31","0.6770420074462891"
"14","qr36ik24","true","-0.8078243136405945","lilac-plant-31","-0.9522595405578613"
"14","qr36ik24","true","-0.29413270950317383","lilac-plant-31","-0.8078055381774902"
"14","qr36ik24","true","0.2654414176940918","lilac-plant-31","-0.29412841796875"
"14","qr36ik24","true","-0.0780593529343605","lilac-plant-31","0.26542991399765015"
"14","qr36ik24","true","0.3486590087413788","lilac-plant-31","-0.07806115597486496"
"14","qr36ik24","true","-0.32556021213531494","lilac-plant-31","0.3486451506614685"
"14","qr36ik24","true","-1.032774806022644","lilac-plant-31","-0.3255550265312195"
"14","qr36ik24","true","-1.101112961769104","lilac-plant-31","-1.0327496528625488"
"14","qr36ik24","true","-0.8797954320907593","lilac-plant-31","-1.101085901260376"
"14","qr36ik24","true","-0.5731741189956665","lilac-plant-31","-0.8797745704650879"
"14","qr36ik24","true","-0.08868230879306793","lilac-plant-31","-0.5731619596481323"
"14","qr36ik24","true","0.09401684254407883","lilac-plant-31","-0.08868381381034851"
"14","qr36ik24","true","-0.24883003532886505","lilac-plant-31","0.09401017427444458"
"14","qr36ik24","true","-0.5127798318862915","lilac-plant-31","-0.2488270252943039"
"14","qr36ik24","true","-0.3692053258419037","lilac-plant-31","-0.512769341468811"
"14","qr36ik24","true","1.8575581312179565","lilac-plant-31","-0.36919888854026794"
"14","qr36ik24","true","0.5414273738861084","lilac-plant-31","1.8575016260147095"
"14","qr36ik24","true","1.2770260572433472","lilac-plant-31","0.5414080619812012"
"14","qr36ik24","true","-0.7204809784889221","lilac-plant-31","1.2769858837127686"
"14","qr36ik24","true","-0.9723275899887085","lilac-plant-31","-0.7204646468162537"
"14","qr36ik24","true","-0.8441208600997925","lilac-plant-31","-0.9723041653633118"
"14","qr36ik24","true","-0.7614115476608276","lilac-plant-31","-0.8441010117530823"
"14","qr36ik24","true","-0.2582194209098816","lilac-plant-31","-0.7613940238952637"
"14","qr36ik24","true","-0.7110102772712708","lilac-plant-31","-0.25821611285209656"
"14","qr36ik24","true","-0.7780126929283142","lilac-plant-31","-0.7109942436218262"
"14","qr36ik24","true","-0.18761208653450012","lilac-plant-31","-0.7779947519302368"
"14","qr36ik24","true","0.4132630228996277","lilac-plant-31","-0.18761080503463745"
"14","qr36ik24","true","0.34812191128730774","lilac-plant-31","0.41324731707572937"
"14","qr36ik24","true","-0.16598278284072876","lilac-plant-31","0.34810805320739746"
"14","qr36ik24","true","-0.42426496744155884","lilac-plant-31","-0.16598211228847504"
"14","qr36ik24","true","-0.412983238697052","lilac-plant-31","-0.42425698041915894"
"14","qr36ik24","true","-0.2575417160987854","lilac-plant-31","-0.41297557950019836"
"14","qr36ik24","true","1.9077494144439697","lilac-plant-31","-0.25753846764564514"
"14","qr36ik24","true","5.80943489074707","lilac-plant-31","1.9076915979385376"
"14","qr36ik24","true","0.03786167502403259","lilac-plant-31","5.809266567230225"
"14","qr36ik24","true","0.7267663478851318","lilac-plant-31","0.03785659372806549"
"14","qr36ik24","true","1.0504182577133179","lilac-plant-31","0.7267417907714844"
"14","qr36ik24","true","-0.45798560976982117","lilac-plant-31","1.0503846406936646"
"14","qr36ik24","true","-0.27069124579429626","lilac-plant-31","-0.45797666907310486"
"14","qr36ik24","true","0.400262713432312","lilac-plant-31","-0.27068760991096497"
"14","qr36ik24","true","1.1555876731872559","lilac-plant-31","0.40024739503860474"
"14","qr36ik24","true","-1.2267013788223267","lilac-plant-31","1.1555509567260742"
"14","qr36ik24","true","0.15564648807048798","lilac-plant-31","-1.226670742034912"
"14","qr36ik24","true","0.09364636242389679","lilac-plant-31","0.15563808381557465"
"14","qr36ik24","true","-0.30293160676956177","lilac-plant-31","0.09363970905542374"
"14","qr36ik24","true","-0.7021150588989258","lilac-plant-31","-0.30292704701423645"
"14","qr36ik24","true","-0.8516907095909119","lilac-plant-31","-0.7020992636680603"
"14","qr36ik24","true","-0.5182703733444214","lilac-plant-31","-0.8516706824302673"
"14","qr36ik24","true","-0.2158685177564621","lilac-plant-31","-0.5182597041130066"
"14","qr36ik24","true","0.07643135637044907","lilac-plant-31","-0.21586643159389496"
"14","qr36ik24","true","-0.2440095692873001","lilac-plant-31","0.07642518728971481"
"14","qr36ik24","true","-0.3685433566570282","lilac-plant-31","-0.2440066784620285"
"14","qr36ik24","true","-0.6973419785499573","lilac-plant-31","-0.36853694915771484"
"14","qr36ik24","true","0.5713334679603577","lilac-plant-31","-0.6973262429237366"
"14","qr36ik24","true","1.5627942085266113","lilac-plant-31","0.5713133215904236"
"14","qr36ik24","true","1.256697177886963","lilac-plant-31","1.5627460479736328"
"14","qr36ik24","true","1.4351866245269775","lilac-plant-31","1.2566577196121216"
"14","qr36ik24","true","-0.40707695484161377","lilac-plant-31","1.435142159461975"
"14","qr36ik24","true","-1.1094955205917358","lilac-plant-31","-0.40706947445869446"
"14","qr36ik24","true","-0.9820960164070129","lilac-plant-31","-1.1094682216644287"
"14","qr36ik24","true","-0.9568334221839905","lilac-plant-31","-0.9820722937583923"
"14","qr36ik24","true","-0.28991901874542236","lilac-plant-31","-0.9568104147911072"
"14","qr36ik24","true","-0.6364089846611023","lilac-plant-31","-0.2899148464202881"
"14","qr36ik24","true","-0.6027352213859558","lilac-plant-31","-0.6363950371742249"
"14","qr36ik24","true","0.3473760485649109","lilac-plant-31","-0.60272216796875"
"14","qr36ik24","true","0.4254983067512512","lilac-plant-31","0.3473622500896454"
"14","qr36ik24","true","-0.00651575205847621","lilac-plant-31","0.42548227310180664"
"14","qr36ik24","true","-0.2597784996032715","lilac-plant-31","-0.006519577000290155"
"14","qr36ik24","true","-0.3579168915748596","lilac-plant-31","-0.25977516174316406"
"14","qr36ik24","true","-0.19877779483795166","lilac-plant-31","-0.35791078209877014"
"14","qr36ik24","true","1.4667233228683472","lilac-plant-31","-0.19877618551254272"
"14","qr36ik24","true","5.733867168426514","lilac-plant-31","1.4666777849197388"
"14","qr36ik24","true","-0.10562670230865479","lilac-plant-31","5.733701229095459"
"14","qr36ik24","true","0.42229244112968445","lilac-plant-31","-0.10562772303819656"
"14","qr36ik24","true","0.5396009087562561","lilac-plant-31","0.42227649688720703"
"14","qr36ik24","true","-0.11340159922838211","lilac-plant-31","0.5395816564559937"
"14","qr36ik24","true","-1.2457388639450073","lilac-plant-31","-0.11340240389108658"
"14","qr36ik24","true","-0.0757942646741867","lilac-plant-31","-1.245707631111145"
"14","qr36ik24","true","-0.15915945172309875","lilac-plant-31","-0.07579612731933594"
"14","qr36ik24","true","-0.28429871797561646","lilac-plant-31","-0.15915895998477936"
"14","qr36ik24","true","0.36322394013404846","lilac-plant-31","-0.2842946946620941"
"14","qr36ik24","true","-0.5376824736595154","lilac-plant-31","0.36320966482162476"
"14","qr36ik24","true","-0.7678685188293457","lilac-plant-31","-0.5376713275909424"
"14","qr36ik24","true","-0.8969679474830627","lilac-plant-31","-0.7678508758544922"
"14","qr36ik24","true","-0.5728601813316345","lilac-plant-31","-0.8969466090202332"
"14","qr36ik24","true","-0.4777015745639801","lilac-plant-31","-0.5728479623794556"
"14","qr36ik24","true","0.1788540482521057","lilac-plant-31","-0.4776920676231384"
"14","qr36ik24","true","0.051145508885383606","lilac-plant-31","0.17884498834609985"
"14","qr36ik24","true","-0.4572148323059082","lilac-plant-31","0.05114005506038666"
"14","qr36ik24","true","-0.20996756851673126","lilac-plant-31","-0.4572059214115143"
"14","qr36ik24","true","0.26852136850357056","lilac-plant-31","-0.20996564626693726"
"14","qr36ik24","true","0.6556214094161987","lilac-plant-31","0.26850977540016174"
"14","qr36ik24","true","0.5897881984710693","lilac-plant-31","0.6555988788604736"
"14","qr36ik24","true","-0.19432967901229858","lilac-plant-31","0.5897675156593323"
"14","qr36ik24","true","-0.4909205734729767","lilac-plant-31","-0.1943282037973404"
"14","qr36ik24","true","-1.1830108165740967","lilac-plant-31","-0.49091070890426636"
"14","qr36ik24","true","-1.19072687625885","lilac-plant-31","-1.1829813718795776"
"14","qr36ik24","true","-0.9222902655601501","lilac-plant-31","-1.190697193145752"
"14","qr36ik24","true","-0.37314075231552124","lilac-plant-31","-0.9222682118415833"
"14","qr36ik24","true","-0.7087739109992981","lilac-plant-31","-0.37313422560691833"
"14","qr36ik24","true","-0.5391097664833069","lilac-plant-31","-0.7087578773498535"
"14","qr36ik24","true","0.17538931965827942","lilac-plant-31","-0.5390985608100891"
"14","qr36ik24","true","0.7803043723106384","lilac-plant-31","0.17538036406040192"
"14","qr36ik24","true","0.6988397836685181","lilac-plant-31","0.7802783250808716"
"14","qr36ik24","true","0.06039004400372505","lilac-plant-31","0.6988160610198975"
"14","qr36ik24","true","-0.2284344583749771","lilac-plant-31","0.06038432940840721"
"14","qr36ik24","true","-0.38366806507110596","lilac-plant-31","-0.22843201458454132"
"14","qr36ik24","true","-0.8234413266181946","lilac-plant-31","-0.3836612403392792"
"14","qr36ik24","true","4.209741115570068","lilac-plant-31","-0.8234220147132874"
"14","qr36ik24","true","0.1427544355392456","lilac-plant-31","4.209618091583252"
"14","qr36ik24","true","-0.11996684223413467","lilac-plant-31","0.14274638891220093"
"14","qr36ik24","true","0.4109782576560974","lilac-plant-31","-0.11996746063232422"
"14","qr36ik24","true","-0.10848640650510788","lilac-plant-31","0.41096264123916626"
"14","qr36ik24","true","-0.3849266469478607","lilac-plant-31","-0.10848735272884369"
"14","qr36ik24","true","-0.36318764090538025","lilac-plant-31","-0.38491979241371155"
"14","qr36ik24","true","-0.09743809700012207","lilac-plant-31","-0.3631814122200012"
"14","qr36ik24","true","-0.43600085377693176","lilac-plant-31","-0.09743934869766235"
"14","qr36ik24","true","0.16084057092666626","lilac-plant-31","-0.435992568731308"
"14","qr36ik24","true","0.1414026916027069","lilac-plant-31","0.160832017660141"
"14","qr36ik24","true","-0.5270168781280518","lilac-plant-31","0.1413946896791458"
"14","qr36ik24","true","-0.7113748788833618","lilac-plant-31","-0.5270059704780579"
"14","qr36ik24","true","-0.9805217385292053","lilac-plant-31","-0.7113587856292725"
"14","qr36ik24","true","-0.8045119643211365","lilac-plant-31","-0.9804980158805847"
"14","qr36ik24","true","-0.7855982780456543","lilac-plant-31","-0.804493248462677"
"14","qr36ik24","true","-0.2688864767551422","lilac-plant-31","-0.7855800986289978"
"14","qr36ik24","true","0.06919406354427338","lilac-plant-31","-0.2688828706741333"
"14","qr36ik24","true","-0.05941367149353027","lilac-plant-31","0.06918810307979584"
"14","qr36ik24","true","-0.47368142008781433","lilac-plant-31","-0.05941600352525711"
"14","qr36ik24","true","0.32453373074531555","lilac-plant-31","-0.4736720621585846"
"14","qr36ik24","true","0.3245275914669037","lilac-plant-31","0.3245205283164978"
"14","qr36ik24","true","0.06189100071787834","lilac-plant-31","0.32451438903808594"
"14","qr36ik24","true","0.28449076414108276","lilac-plant-31","0.06188524141907692"
"14","qr36ik24","true","-0.1333511620759964","lilac-plant-31","0.28447872400283813"
"14","qr36ik24","true","-0.8909156322479248","lilac-plant-31","-0.1333514004945755"
"14","qr36ik24","true","-0.9104164242744446","lilac-plant-31","-0.8908944725990295"
"14","qr36ik24","true","-0.9303565621376038","lilac-plant-31","-0.9103947281837463"
"14","qr36ik24","true","-0.7511295080184937","lilac-plant-31","-0.9303343296051025"
"14","qr36ik24","true","-0.6675841808319092","lilac-plant-31","-0.7511122822761536"
"14","qr36ik24","true","-0.6925450563430786","lilac-plant-31","-0.6675693392753601"
"14","qr36ik24","true","-0.6117529273033142","lilac-plant-31","-0.6925294995307922"
"14","qr36ik24","true","0.056432683020830154","lilac-plant-31","-0.6117396354675293"
"14","qr36ik24","true","0.6943520903587341","lilac-plant-31","0.05642708018422127"
"14","qr36ik24","true","0.5296801924705505","lilac-plant-31","0.6943284273147583"
"14","qr36ik24","true","-0.02189766801893711","lilac-plant-31","0.5296611785888672"
"14","qr36ik24","true","-0.3137136697769165","lilac-plant-31","-0.02190105803310871"
"14","qr36ik24","true","-0.3221350610256195","lilac-plant-31","-0.3137088418006897"
"14","qr36ik24","true","-0.10146323591470718","lilac-plant-31","-0.3221299648284912"
"14","qr36ik24","true","1.8155183792114258","lilac-plant-31","-0.10146438330411911"
"14","qr36ik24","true","5.213875770568848","lilac-plant-31","1.8154630661010742"
"14","qr36ik24","true","-0.16015687584877014","lilac-plant-31","5.213724136352539"
"14","qr36ik24","true","0.24863120913505554","lilac-plant-31","-0.16015635430812836"
"14","qr36ik24","true","0.8411271572113037","lilac-plant-31","0.2486201673746109"
"14","qr36ik24","true","-0.7082395553588867","lilac-plant-31","0.8410993814468384"
"14","qr36ik24","true","-0.5049352049827576","lilac-plant-31","-0.7082235813140869"
"14","qr36ik24","true","0.22940368950366974","lilac-plant-31","-0.5049249529838562"
"14","qr36ik24","true","-0.7631051540374756","lilac-plant-31","0.22939319908618927"
"14","qr36ik24","true","-0.7290216088294983","lilac-plant-31","-0.7630875706672668"
"14","qr36ik24","true","0.43246033787727356","lilac-plant-31","-0.729004979133606"
"14","qr36ik24","true","-0.0010381402680650353","lilac-plant-31","0.43244412541389465"
"14","qr36ik24","true","-0.7324838638305664","lilac-plant-31","-0.001042120042257011"
"14","qr36ik24","true","-0.7861804962158203","lilac-plant-31","-0.7324671745300293"
"14","qr36ik24","true","-0.7777135372161865","lilac-plant-31","-0.7861623167991638"
"14","qr36ik24","true","-0.7679975032806396","lilac-plant-31","-0.7776955366134644"
"14","qr36ik24","true","0.03922569006681442","lilac-plant-31","-0.7679798007011414"
"14","qr36ik24","true","-0.07557576149702072","lilac-plant-31","0.039220571517944336"
"14","qr36ik24","true","-0.22748902440071106","lilac-plant-31","-0.07557763159275055"
"14","qr36ik24","true","-0.4422014653682709","lilac-plant-31","-0.22748661041259766"
"14","qr36ik24","true","1.3538196086883545","lilac-plant-31","-0.4421929717063904"
"14","qr36ik24","true","1.3228294849395752","lilac-plant-31","1.353777289390564"
"14","qr36ik24","true","0.7313559055328369","lilac-plant-31","1.322788119316101"
"14","qr36ik24","true","0.008482280187308788","lilac-plant-31","0.7313312292098999"
"14","qr36ik24","true","-0.3555823862552643","lilac-plant-31","0.008478031493723392"
"14","qr36ik24","true","-0.9926577806472778","lilac-plant-31","-0.35557636618614197"
"14","qr36ik24","true","-1.0019495487213135","lilac-plant-31","-0.9926337599754333"
"14","qr36ik24","true","-1.2391797304153442","lilac-plant-31","-1.0019252300262451"
"14","qr36ik24","true","-0.3748106062412262","lilac-plant-31","-1.239148736000061"
"14","qr36ik24","true","-0.9175089001655579","lilac-plant-31","-0.3748040199279785"
"14","qr36ik24","true","-0.6582503318786621","lilac-plant-31","-0.9174869656562805"
"14","qr36ik24","true","-0.21836276352405548","lilac-plant-31","-0.6582357287406921"
"14","qr36ik24","true","0.4330904185771942","lilac-plant-31","-0.21836060285568237"
"14","qr36ik24","true","0.6355796456336975","lilac-plant-31","0.4330741763114929"
"14","qr36ik24","true","0.13231126964092255","lilac-plant-31","0.6355576515197754"
"14","qr36ik24","true","-0.33843523263931274","lilac-plant-31","0.13230352103710175"
"14","qr36ik24","true","-0.37156423926353455","lilac-plant-31","-0.33842965960502625"
"14","qr36ik24","true","0.11863214522600174","lilac-plant-31","-0.3715577721595764"
"14","qr36ik24","true","4.170711994171143","lilac-plant-31","0.11862478405237198"
"14","qr36ik24","true","4.303760051727295","lilac-plant-31","4.170589923858643"
"14","qr36ik24","true","-0.27076566219329834","lilac-plant-31","4.3036346435546875"
"14","qr36ik24","true","-0.14305925369262695","lilac-plant-31","-0.27076202630996704"
"14","qr36ik24","true","0.48349833488464355","lilac-plant-31","-0.14305922389030457"
"14","qr36ik24","true","-0.7289645671844482","lilac-plant-31","0.48348069190979004"
"14","qr36ik24","true","-0.9495959877967834","lilac-plant-31","-0.7289479970932007"
"14","qr36ik24","true","-0.2207275927066803","lilac-plant-31","-0.9495732188224792"
"14","qr36ik24","true","-0.3127841651439667","lilac-plant-31","-0.22072535753250122"
"14","qr36ik24","true","0.08336719870567322","lilac-plant-31","-0.31277933716773987"
"14","qr36ik24","true","0.8400241136550903","lilac-plant-31","0.08336083590984344"
"14","qr36ik24","true","0.22338946163654327","lilac-plant-31","0.839996337890625"
"14","qr36ik24","true","-0.7648792266845703","lilac-plant-31","0.22337915003299713"
"14","qr36ik24","true","-0.6453335285186768","lilac-plant-31","-0.7648615837097168"
"14","qr36ik24","true","-0.8861702680587769","lilac-plant-31","-0.6453192830085754"
"14","qr36ik24","true","-0.5328143835067749","lilac-plant-31","-0.8861492872238159"
"14","qr36ik24","true","-0.3201897144317627","lilac-plant-31","-0.5328033566474915"
"14","qr36ik24","true","-0.0636591985821724","lilac-plant-31","-0.3201846778392792"
"14","qr36ik24","true","-0.5909609198570251","lilac-plant-31","-0.06366140395402908"
"14","qr36ik24","true","-0.7508342266082764","lilac-plant-31","-0.590948224067688"
"14","qr36ik24","true","0.6043602228164673","lilac-plant-31","-0.750817060470581"
"14","qr36ik24","true","0.9025229811668396","lilac-plant-31","0.6043391823768616"
"14","qr36ik24","true","0.15009120106697083","lilac-plant-31","0.9024934768676758"
"14","qr36ik24","true","0.4619191586971283","lilac-plant-31","0.15008294582366943"
"14","qr36ik24","true","0.062225647270679474","lilac-plant-31","0.46190211176872253"
"14","qr36ik24","true","-0.8443725109100342","lilac-plant-31","0.062219876796007156"
"14","qr36ik24","true","-0.6875730752944946","lilac-plant-31","-0.844352662563324"
"14","qr36ik24","true","-0.624449610710144","lilac-plant-31","-0.6875576972961426"
"14","qr36ik24","true","-0.5579746961593628","lilac-plant-31","-0.6244360208511353"
"14","qr36ik24","true","-0.4447144865989685","lilac-plant-31","-0.557962954044342"
"14","qr36ik24","true","-0.5762962102890015","lilac-plant-31","-0.44470593333244324"
"14","qr36ik24","true","-0.3234657645225525","lilac-plant-31","-0.5762839317321777"
"14","qr36ik24","true","0.8065791130065918","lilac-plant-31","-0.3234606385231018"
"14","qr36ik24","true","0.8697127103805542","lilac-plant-31","0.8065522909164429"
"14","qr36ik24","true","0.2598351240158081","lilac-plant-31","0.869684100151062"
"14","qr36ik24","true","-0.17677326500415802","lilac-plant-31","0.2598237693309784"
"14","qr36ik24","true","-0.4018021821975708","lilac-plant-31","-0.17677228152751923"
"14","qr36ik24","true","0.36341312527656555","lilac-plant-31","-0.4017948508262634"
"14","qr36ik24","true","5.970509052276611","lilac-plant-31","0.36339882016181946"
"14","qr36ik24","true","-0.6765301823616028","lilac-plant-31","5.970336437225342"
"14","qr36ik24","true","0.09459805488586426","lilac-plant-31","-0.6765150427818298"
"14","qr36ik24","true","0.6155540347099304","lilac-plant-31","0.09459137171506882"
"14","qr36ik24","true","0.3613245487213135","lilac-plant-31","0.615532636642456"
"14","qr36ik24","true","-0.7454273700714111","lilac-plant-31","0.36131033301353455"
"14","qr36ik24","true","-0.3248213827610016","lilac-plant-31","-0.7454103231430054"
"14","qr36ik24","true","0.30595681071281433","lilac-plant-31","-0.3248162269592285"
"14","qr36ik24","true","-0.6858384013175964","lilac-plant-31","0.30594417452812195"
"14","qr36ik24","true","-0.01386742852628231","lilac-plant-31","-0.6858230233192444"
"14","qr36ik24","true","0.40828919410705566","lilac-plant-31","-0.013871045783162117"
"14","qr36ik24","true","-0.6468320488929749","lilac-plant-31","0.4082736372947693"
"14","qr36ik24","true","-0.7646803259849548","lilac-plant-31","-0.6468178033828735"
"14","qr36ik24","true","-0.8523518443107605","lilac-plant-31","-0.7646627426147461"
"14","qr36ik24","true","-0.6929993033409119","lilac-plant-31","-0.852331817150116"
"14","qr36ik24","true","-0.7242187261581421","lilac-plant-31","-0.6929836869239807"
"14","qr36ik24","true","-0.07289433479309082","lilac-plant-31","-0.7242022752761841"
"14","qr36ik24","true","0.0013279324630275369","lilac-plant-31","-0.07289628684520721"
"14","qr36ik24","true","-0.12953311204910278","lilac-plant-31","0.0013238858664408326"
"14","qr36ik24","true","-0.26932886242866516","lilac-plant-31","-0.12953346967697144"
"14","qr36ik24","true","0.18482129275798798","lilac-plant-31","-0.26932525634765625"
"14","qr36ik24","true","0.698082685470581","lilac-plant-31","0.1848120540380478"
"14","qr36ik24","true","0.058394573628902435","lilac-plant-31","0.6980589628219604"
"14","qr36ik24","true","0.16913805902004242","lilac-plant-31","0.05838891491293907"
"14","qr36ik24","true","-0.11438549309968948","lilac-plant-31","0.16912926733493805"
"14","qr36ik24","true","-0.9953929781913757","lilac-plant-31","-0.11438626796007156"
"14","qr36ik24","true","-1.1019041538238525","lilac-plant-31","-0.9953688383102417"
"14","qr36ik24","true","-0.6644310355186462","lilac-plant-31","-1.1018770933151245"
"14","qr36ik24","true","-0.5984008312225342","lilac-plant-31","-0.6644163131713867"
"14","qr36ik24","true","-0.8547934889793396","lilac-plant-31","-0.5983879566192627"
"14","qr36ik24","true","-0.7036763429641724","lilac-plant-31","-0.8547733426094055"
"14","qr36ik24","true","-0.510503351688385","lilac-plant-31","-0.7036604881286621"
"14","qr36ik24","true","0.16300643980503082","lilac-plant-31","-0.5104929208755493"
"14","qr36ik24","true","0.5292772650718689","lilac-plant-31","0.16299782693386078"
"14","qr36ik24","true","0.18447285890579224","lilac-plant-31","0.5292583107948303"
"14","qr36ik24","true","-0.09338964521884918","lilac-plant-31","0.18446363508701324"
"14","qr36ik24","true","-0.37441256642341614","lilac-plant-31","-0.09339101612567902"
"14","qr36ik24","true","-0.1966610550880432","lilac-plant-31","-0.37440598011016846"
"14","qr36ik24","true","0.2686159610748291","lilac-plant-31","-0.19665950536727905"
"14","qr36ik24","true","4.757922172546387","lilac-plant-31","0.2686043679714203"
"14","qr36ik24","true","-0.5911941528320312","lilac-plant-31","4.757783889770508"
"14","qr36ik24","true","-0.5413369536399841","lilac-plant-31","-0.5911814570426941"
"14","qr36ik24","true","-0.0971970409154892","lilac-plant-31","-0.5413256883621216"
"14","qr36ik24","true","-0.21003422141075134","lilac-plant-31","-0.09719830006361008"
"14","qr36ik24","true","-0.87111896276474","lilac-plant-31","-0.21003228425979614"
"14","qr36ik24","true","-0.8155432939529419","lilac-plant-31","-0.8710983395576477"
"14","qr36ik24","true","0.010392428375780582","lilac-plant-31","-0.8155242800712585"
"14","qr36ik24","true","-0.14442214369773865","lilac-plant-31","0.010388124734163284"
"14","qr36ik24","true","0.4744255840778351","lilac-plant-31","-0.14442208409309387"
"14","qr36ik24","true","0.3330070972442627","lilac-plant-31","0.47440817952156067"
"14","qr36ik24","true","-0.5327454209327698","lilac-plant-31","0.33299368619918823"
"14","qr36ik24","true","-0.9324838519096375","lilac-plant-31","-0.5327343940734863"
"14","qr36ik24","true","-0.9861546754837036","lilac-plant-31","-0.9324615001678467"
"14","qr36ik24","true","-0.9693734049797058","lilac-plant-31","-0.9861308336257935"
"14","qr36ik24","pred","0.24765445291996002","lilac-plant-31","-0.16375166177749634"
"14","qr36ik24","pred","0.2494828701019287","lilac-plant-31","-0.14270225167274475"
"14","qr36ik24","pred","0.25002989172935486","lilac-plant-31","-0.12258145958185196"
"14","qr36ik24","pred","0.24946361780166626","lilac-plant-31","-0.10332034528255463"
"14","qr36ik24","pred","0.24792778491973877","lilac-plant-31","-0.08485406637191772"
"14","qr36ik24","pred","0.2455453723669052","lilac-plant-31","-0.06712253391742706"
"14","qr36ik24","pred","0.24242183566093445","lilac-plant-31","-0.05007064715027809"
"14","qr36ik24","pred","0.23864790797233582","lilac-plant-31","-0.03364820033311844"
"14","qr36ik24","pred","0.23430192470550537","lilac-plant-31","-0.01780959777534008"
"14","qr36ik24","pred","0.22945182025432587","lilac-plant-31","-0.0025135762989521027"
"14","qr36ik24","pred","0.22415673732757568","lilac-plant-31","0.01227718684822321"
"14","qr36ik24","pred","0.21846839785575867","lilac-plant-31","0.026596447452902794"
"14","qr36ik24","pred","0.21243223547935486","lilac-plant-31","0.04047475755214691"
"14","qr36ik24","pred","0.20608827471733093","lilac-plant-31","0.053939782083034515"
"14","qr36ik24","pred","0.19947199523448944","lilac-plant-31","0.0670166015625"
"14","qr36ik24","pred","0.19261495769023895","lilac-plant-31","0.07972799986600876"
"14","qr36ik24","pred","0.18554531037807465","lilac-plant-31","0.09209468960762024"
"14","qr36ik24","pred","0.1782882660627365","lilac-plant-31","0.10413557291030884"
"14","qr36ik24","pred","0.1708664894104004","lilac-plant-31","0.11586787551641464"
"14","qr36ik24","pred","0.16330042481422424","lilac-plant-31","0.12730735540390015"
"14","qr36ik24","pred","0.15560856461524963","lilac-plant-31","0.13846847414970398"
"14","qr36ik24","pred","0.14780768752098083","lilac-plant-31","0.14936448633670807"
"14","qr36ik24","pred","0.13991306722164154","lilac-plant-31","0.16000758111476898"
"14","qr36ik24","pred","0.1319386214017868","lilac-plant-31","0.17040900886058807"
"14","qr36ik24","pred","0.12389708310365677","lilac-plant-31","0.18057915568351746"
"14","qr36ik24","pred","0.11580011248588562","lilac-plant-31","0.19052761793136597"
"14","qr36ik24","pred","0.10765844583511353","lilac-plant-31","0.20026329159736633"
"14","qr36ik24","pred","0.09948193281888962","lilac-plant-31","0.20979446172714233"
"14","qr36ik24","pred","0.09127965569496155","lilac-plant-31","0.2191288024187088"
"14","qr36ik24","pred","0.08305999636650085","lilac-plant-31","0.22827349603176117"
"14","qr36ik24","pred","0.07483070343732834","lilac-plant-31","0.23723523318767548"
"14","qr36ik24","pred","0.06659895181655884","lilac-plant-31","0.24602028727531433"
"14","qr36ik24","pred","0.058371398597955704","lilac-plant-31","0.2546345293521881"
"14","qr36ik24","pred","0.0501541942358017","lilac-plant-31","0.26308345794677734"
"14","qr36ik24","pred","0.04195305332541466","lilac-plant-31","0.27137231826782227"
"14","qr36ik24","pred","0.033773280680179596","lilac-plant-31","0.27950596809387207"
"14","qr36ik24","pred","0.025619789958000183","lilac-plant-31","0.28748905658721924"
"14","qr36ik24","pred","0.01749718189239502","lilac-plant-31","0.29532596468925476"
"14","qr36ik24","pred","0.009409688413143158","lilac-plant-31","0.3030208647251129"
"14","qr36ik24","pred","0.001361275091767311","lilac-plant-31","0.3105776906013489"
"14","qr36ik24","pred","-0.006644384004175663","lilac-plant-31","0.3180002272129059"
"14","qr36ik24","pred","-0.014603896997869015","lilac-plant-31","0.32529205083847046"
"14","qr36ik24","pred","-0.022514106705784798","lilac-plant-31","0.3324566185474396"
"14","qr36ik24","pred","-0.03037208318710327","lilac-plant-31","0.3394972085952759"
"14","qr36ik24","pred","-0.03817512094974518","lilac-plant-31","0.34641700983047485"
"14","qr36ik24","pred","-0.045920729637145996","lilac-plant-31","0.35321906208992004"
"14","qr36ik24","pred","-0.05360659584403038","lilac-plant-31","0.35990628600120544"
"14","qr36ik24","pred","-0.06123057007789612","lilac-plant-31","0.3664815425872803"
"14","qr36ik24","pred","-0.06879071891307831","lilac-plant-31","0.3729475438594818"
"14","qr36ik24","pred","-0.07628525048494339","lilac-plant-31","0.37930697202682495"
"14","qr36ik24","pred","-0.08371253311634064","lilac-plant-31","0.38556239008903503"
"14","qr36ik24","pred","-0.09107107669115067","lilac-plant-31","0.391716331243515"
"14","qr36ik24","pred","-0.09835954010486603","lilac-plant-31","0.3977712392807007"
"14","qr36ik24","pred","-0.10557671636343002","lilac-plant-31","0.40372955799102783"
"14","qr36ik24","pred","-0.1127215102314949","lilac-plant-31","0.4095935821533203"
"14","qr36ik24","pred","-0.11979296803474426","lilac-plant-31","0.415365606546402"
"14","qr36ik24","pred","-0.12679022550582886","lilac-plant-31","0.4210478663444519"
"14","qr36ik24","pred","-0.1337125450372696","lilac-plant-31","0.4266425669193268"
"14","qr36ik24","pred","-0.14055928587913513","lilac-plant-31","0.4321519136428833"
"14","qr36ik24","pred","-0.14732994139194489","lilac-plant-31","0.4375780522823334"
"14","qr36ik24","pred","-0.15402404963970184","lilac-plant-31","0.44292303919792175"
"14","qr36ik24","pred","-0.16064128279685974","lilac-plant-31","0.44818899035453796"
"14","qr36ik24","pred","-0.1671813726425171","lilac-plant-31","0.45337796211242676"
"14","qr36ik24","pred","-0.17364412546157837","lilac-plant-31","0.4584919512271881"
"14","qr36ik24","pred","-0.1800294816493988","lilac-plant-31","0.4635330140590668"
"14","qr36ik24","pred","-0.18633738160133362","lilac-plant-31","0.46850311756134033"
"14","qr36ik24","pred","-0.1925678700208664","lilac-plant-31","0.4734042286872864"
"14","qr36ik24","pred","-0.19872109591960907","lilac-plant-31","0.4782382845878601"
"14","qr36ik24","pred","-0.20479723811149597","lilac-plant-31","0.4830072522163391"
"14","qr36ik24","pred","-0.2107965350151062","lilac-plant-31","0.4877130389213562"
"14","qr36ik24","pred","-0.21671928465366364","lilac-plant-31","0.4923575818538666"
"14","qr36ik24","pred","-0.22256587445735931","lilac-plant-31","0.49694275856018066"
"14","qr36ik24","pred","-0.22833670675754547","lilac-plant-31","0.5014704465866089"
"14","qr36ik24","pred","-0.2340322583913803","lilac-plant-31","0.5059425234794617"
"14","qr36ik24","pred","-0.23965305089950562","lilac-plant-31","0.510360836982727"
"14","qr36ik24","pred","-0.24519963562488556","lilac-plant-31","0.5147272348403931"
"14","qr36ik24","pred","-0.2506726384162903","lilac-plant-31","0.5190436244010925"
"14","qr36ik24","pred","-0.2560727000236511","lilac-plant-31","0.5233117938041687"
"14","qr36ik24","pred","-0.2614004909992218","lilac-plant-31","0.5275335311889648"
"14","qr36ik24","pred","-0.266656756401062","lilac-plant-31","0.531710684299469"
"14","qr36ik24","pred","-0.27184227108955383","lilac-plant-31","0.5358450412750244"
"14","qr36ik24","pred","-0.27695778012275696","lilac-plant-31","0.5399383306503296"
"14","qr36ik24","pred","-0.28200414776802063","lilac-plant-31","0.5439924001693726"
"14","qr36ik24","pred","-0.2869822084903717","lilac-plant-31","0.5480089783668518"
"14","qr36ik24","pred","-0.2918928563594818","lilac-plant-31","0.5519898533821106"
"14","qr36ik24","pred","-0.2967369854450226","lilac-plant-31","0.5559367537498474"
"14","qr36ik24","pred","-0.3015155494213104","lilac-plant-31","0.5598514080047607"
"14","qr36ik24","pred","-0.30622947216033936","lilac-plant-31","0.5637354850769043"
"14","qr36ik24","pred","-0.31087976694107056","lilac-plant-31","0.5675907731056213"
"14","qr36ik24","pred","-0.31546738743782043","lilac-plant-31","0.5714189410209656"
"14","qr36ik24","pred","-0.31999337673187256","lilac-plant-31","0.575221598148346"
"14","qr36ik24","pred","-0.3244587182998657","lilac-plant-31","0.5790004730224609"
"14","qr36ik24","pred","-0.32886451482772827","lilac-plant-31","0.5827572345733643"
"14","qr36ik24","pred","-0.333211749792099","lilac-plant-31","0.5864934921264648"
"14","qr36ik24","pred","-0.33750155568122864","lilac-plant-31","0.5902108550071716"
"14","qr36ik24","pred","-0.34173497557640076","lilac-plant-31","0.5939109921455383"
"14","qr36ik24","pred","-0.3459131121635437","lilac-plant-31","0.5975954532623291"
"14","qr36ik24","pred","-0.3500370383262634","lilac-plant-31","0.6012657880783081"
"14","qr36ik24","pred","-0.35410788655281067","lilac-plant-31","0.6049236059188843"
"14","qr36ik24","pred","-0.35812675952911377","lilac-plant-31","0.608570396900177"
"14","qr36ik24","pred","-0.36209478974342346","lilac-plant-31","0.6122077107429504"
"14","qr36ik24","pred","-0.3660131096839905","lilac-plant-31","0.6158370971679688"
"14","qr36ik24","pred","-0.36988282203674316","lilac-plant-31","0.6194599866867065"
"14","qr36ik24","pred","-0.37370505928993225","lilac-plant-31","0.6230778694152832"
"14","qr36ik24","pred","-0.37748095393180847","lilac-plant-31","0.6266921758651733"
"14","qr36ik24","pred","-0.38121166825294495","lilac-plant-31","0.6303043961524963"
"14","qr36ik24","pred","-0.3848983347415924","lilac-plant-31","0.633915901184082"
"14","qr36ik24","pred","-0.3885420858860016","lilac-plant-31","0.637528121471405"
"14","qr36ik24","pred","-0.3921440541744232","lilac-plant-31","0.6411423683166504"
"14","qr36ik24","pred","-0.39570537209510803","lilac-plant-31","0.6447600722312927"
"14","qr36ik24","pred","-0.39922720193862915","lilac-plant-31","0.6483824849128723"
"14","qr36ik24","pred","-0.4027106463909149","lilac-plant-31","0.652010977268219"
"14","qr36ik24","pred","-0.40615686774253845","lilac-plant-31","0.6556468605995178"
"14","qr36ik24","pred","-0.4095669984817505","lilac-plant-31","0.6592913269996643"
"14","qr36ik24","pred","-0.41294214129447937","lilac-plant-31","0.6629456877708435"
"14","qr36ik24","pred","-0.41628342866897583","lilac-plant-31","0.6666111946105957"
"14","qr36ik24","pred","-0.4195919930934906","lilac-plant-31","0.6702889800071716"
"14","qr36ik24","pred","-0.422868937253952","lilac-plant-31","0.6739802956581116"
"14","qr36ik24","pred","-0.42611539363861084","lilac-plant-31","0.6776862740516663"
"14","qr36ik24","pred","-0.429332435131073","lilac-plant-31","0.6814080476760864"
"14","qr36ik24","pred","-0.43252116441726685","lilac-plant-31","0.6851467490196228"
"14","qr36ik24","pred","-0.4356826841831207","lilac-plant-31","0.6889034509658813"
"14","qr36ik24","pred","-0.438818097114563","lilac-plant-31","0.6926792860031128"
"14","qr36ik24","pred","-0.4419284760951996","lilac-plant-31","0.6964752674102783"
"14","qr36ik24","pred","-0.4450148940086365","lilac-plant-31","0.7002924084663391"
"14","qr36ik24","pred","-0.4480783939361572","lilac-plant-31","0.7041317820549011"
"14","qr36ik24","pred","-0.4511200785636902","lilac-plant-31","0.7079943418502808"
"14","qr36ik24","pred","-0.4541409909725189","lilac-plant-31","0.7118810415267944"
"14","qr36ik24","pred","-0.457142174243927","lilac-plant-31","0.7157928347587585"
"14","qr36ik24","pred","-0.460124671459198","lilac-plant-31","0.7197306752204895"
"14","qr36ik24","pred","-0.4630895256996155","lilac-plant-31","0.7236953973770142"
"14","qr36ik24","pred","-0.4660377502441406","lilac-plant-31","0.7276879549026489"
"14","qr36ik24","pred","-0.4689703583717346","lilac-plant-31","0.7317091822624207"
"14","qr36ik24","pred","-0.47188836336135864","lilac-plant-31","0.7357599139213562"
"14","qr36ik24","pred","-0.4747927784919739","lilac-plant-31","0.7398409843444824"
"14","qr36ik24","pred","-0.47768455743789673","lilac-plant-31","0.7439531683921814"
"14","qr36ik24","pred","-0.48056474328041077","lilac-plant-31","0.7480972409248352"
"14","qr36ik24","pred","-0.48343425989151","lilac-plant-31","0.7522739768028259"
"14","qr36ik24","pred","-0.48629409074783325","lilac-plant-31","0.7564841508865356"
"14","qr36ik24","pred","-0.4891452193260193","lilac-plant-31","0.7607284784317017"
"14","qr36ik24","pred","-0.49198856949806213","lilac-plant-31","0.7650076150894165"
"14","qr36ik24","pred","-0.4948250949382782","lilac-plant-31","0.7693222165107727"
"14","qr36ik24","pred","-0.4976556897163391","lilac-plant-31","0.7736729979515076"
"14","qr36ik24","pred","-0.5004813075065613","lilac-plant-31","0.7780606150627136"
"14","qr36ik24","pred","-0.5033028721809387","lilac-plant-31","0.7824856042861938"
"14","qr36ik24","pred","-0.5061212778091431","lilac-plant-31","0.7869486808776855"
"14","qr36ik24","pred","-0.5089374780654907","lilac-plant-31","0.7914503812789917"
"14","qr36ik24","pred","-0.5117523074150085","lilac-plant-31","0.7959913015365601"
"14","qr36ik24","pred","-0.5145666003227234","lilac-plant-31","0.8005719184875488"
"14","qr36ik24","pred","-0.5173813104629517","lilac-plant-31","0.8051928281784058"
"14","qr36ik24","pred","-0.5201972723007202","lilac-plant-31","0.8098545670509338"
"14","qr36ik24","pred","-0.5230153203010559","lilac-plant-31","0.8145576119422913"
"14","qr36ik24","pred","-0.5258363485336304","lilac-plant-31","0.8193024396896362"
"14","qr36ik24","pred","-0.5286611318588257","lilac-plant-31","0.8240895867347717"
"14","qr36ik24","pred","-0.5314905047416687","lilac-plant-31","0.8289194107055664"
"14","qr36ik24","pred","-0.5343253016471863","lilac-plant-31","0.8337924480438232"
"14","qr36ik24","pred","-0.5371662974357605","lilac-plant-31","0.8387090563774109"
"14","qr36ik24","pred","-0.5400143265724182","lilac-plant-31","0.8436696529388428"
"14","qr36ik24","pred","-0.5428701639175415","lilac-plant-31","0.8486746549606323"
"14","qr36ik24","pred","-0.5457346439361572","lilac-plant-31","0.8537244200706482"
"14","qr36ik24","pred","-0.5486084818840027","lilac-plant-31","0.8588193655014038"
"14","qr36ik24","pred","-0.55149245262146","lilac-plant-31","0.863959789276123"
"14","qr36ik24","pred","-0.5543873310089111","lilac-plant-31","0.8691460490226746"
"14","qr36ik24","pred","-0.5572938323020935","lilac-plant-31","0.874378502368927"
"14","qr36ik24","pred","-0.5602127313613892","lilac-plant-31","0.8796573877334595"
"14","qr36ik24","pred","-0.5631447434425354","lilac-plant-31","0.8849830627441406"
"14","qr36ik24","pred","-0.5660905241966248","lilac-plant-31","0.8903558254241943"
"14","qr36ik24","pred","-0.5690508484840393","lilac-plant-31","0.8957759141921997"
"14","qr36ik24","pred","-0.5720264315605164","lilac-plant-31","0.9012436270713806"
"14","qr36ik24","pred","-0.5750179290771484","lilac-plant-31","0.9067592024803162"
"14","qr36ik24","pred","-0.5780260562896729","lilac-plant-31","0.9123228788375854"
"14","qr36ik24","pred","-0.5810514688491821","lilac-plant-31","0.9179348945617676"
"14","qr36ik24","pred","-0.5840948224067688","lilac-plant-31","0.9235954880714417"
"14","qr36ik24","pred","-0.5871568322181702","lilac-plant-31","0.929304838180542"
"14","qr36ik24","pred","-0.590238094329834","lilac-plant-31","0.9350631237030029"
"14","qr36ik24","pred","-0.5933393239974976","lilac-plant-31","0.9408705234527588"
"14","qr36ik24","pred","-0.5964611172676086","lilac-plant-31","0.9467272758483887"
"14","qr36ik24","pred","-0.599604070186615","lilac-plant-31","0.9526335000991821"
"14","qr36ik24","pred","-0.6027688384056091","lilac-plant-31","0.9585893154144287"
"14","qr36ik24","pred","-0.6059560179710388","lilac-plant-31","0.9645949006080627"
"14","qr36ik24","pred","-0.6091662049293518","lilac-plant-31","0.9706504344940186"
"14","qr36ik24","pred","-0.6123999953269958","lilac-plant-31","0.9767559766769409"
"14","qr36ik24","pred","-0.6156579852104187","lilac-plant-31","0.9829116463661194"
"14","qr36ik24","pred","-0.6189407706260681","lilac-plant-31","0.9891176223754883"
"14","qr36ik24","pred","-0.6222488880157471","lilac-plant-31","0.9953739047050476"
"14","qr36ik24","pred","-0.6255829334259033","lilac-plant-31","1.001680612564087"
"14","qr36ik24","pred","-0.6289434432983398","lilac-plant-31","1.0080379247665405"
"14","qr36ik24","pred","-0.6323310136795044","lilac-plant-31","1.0144457817077637"
"14","qr36ik24","pred","-0.6357461214065552","lilac-plant-31","1.020904302597046"
"14","qr36ik24","pred","-0.6391893625259399","lilac-plant-31","1.0274134874343872"
"14","qr36ik24","pred","-0.6426612138748169","lilac-plant-31","1.0339734554290771"
"14","qr36ik24","pred","-0.646162211894989","lilac-plant-31","1.0405842065811157"
"14","qr36ik24","pred","-0.6496928334236145","lilac-plant-31","1.047245740890503"
"14","qr36ik24","pred","-0.6532536149024963","lilac-plant-31","1.0539581775665283"
"14","qr36ik24","pred","-0.6568450331687927","lilac-plant-31","1.0607213973999023"
"14","qr36ik24","pred","-0.6604676246643066","lilac-plant-31","1.0675355195999146"
"14","qr36ik24","pred","-0.6641218066215515","lilac-plant-31","1.0744004249572754"
"14","qr36ik24","pred","-0.6678081154823303","lilac-plant-31","1.0813162326812744"
"14","qr36ik24","pred","-0.6715269684791565","lilac-plant-31","1.088282823562622"
"14","qr36ik24","pred","-0.6752788424491882","lilac-plant-31","1.0953001976013184"
"14","qr36ik24","pred","-0.6790642142295837","lilac-plant-31","1.1023683547973633"
"14","qr36ik24","pred","-0.6828835010528564","lilac-plant-31","1.1094871759414673"
"14","qr36ik24","pred","-0.6867371797561646","lilac-plant-31","1.11665678024292"
"14","qr36ik24","pred","-0.6906256675720215","lilac-plant-31","1.123876929283142"
"14","qr36ik24","pred","-0.6945493221282959","lilac-plant-31","1.1311476230621338"
"14","qr36ik24","pred","-0.6985086798667908","lilac-plant-31","1.138468861579895"
"14","qr36ik24","pred","-0.70250403881073","lilac-plant-31","1.1458405256271362"
"14","qr36ik24","pred","-0.7065358757972717","lilac-plant-31","1.1532624959945679"
"14","qr36ik24","pred","-0.7106045484542847","lilac-plant-31","1.1607346534729004"
"14","qr36ik24","pred","-0.714710533618927","lilac-plant-31","1.1682569980621338"
"14","qr36ik24","pred","-0.7188541293144226","lilac-plant-31","1.1758294105529785"
"14","qr36ik24","pred","-0.7230357527732849","lilac-plant-31","1.183451771736145"
"14","qr36ik24","pred","-0.7272557616233826","lilac-plant-31","1.1911239624023438"
"14","qr36ik24","pred","-0.7315145134925842","lilac-plant-31","1.1988458633422852"
"14","qr36ik24","pred","-0.7358124256134033","lilac-plant-31","1.2066172361373901"
"14","qr36ik24","pred","-0.7401497960090637","lilac-plant-31","1.2144380807876587"
"14","qr36ik24","pred","-0.7445269823074341","lilac-plant-31","1.2223082780838013"
"14","qr36ik24","pred","-0.7489443421363831","lilac-plant-31","1.2302275896072388"
"14","qr36ik24","pred","-0.7534021735191345","lilac-plant-31","1.2381958961486816"
"14","qr36ik24","pred","-0.7579008340835571","lilac-plant-31","1.2462130784988403"
"14","qr36ik24","pred","-0.7624406218528748","lilac-plant-31","1.2542788982391357"
"14","qr36ik24","pred","-0.767021894454956","lilac-plant-31","1.2623932361602783"
"14","qr36ik24","pred","-0.7716449499130249","lilac-plant-31","1.2705559730529785"
"14","qr36ik24","pred","-0.7763100862503052","lilac-plant-31","1.2787668704986572"
"14","qr36ik24","pred","-0.7810176014900208","lilac-plant-31","1.2870256900787354"
"14","qr36ik24","pred","-0.7857677936553955","lilac-plant-31","1.2953323125839233"
"14","qr36ik24","pred","-0.7905609011650085","lilac-plant-31","1.303686499595642"
"14","qr36ik24","pred","-0.7953972220420837","lilac-plant-31","1.312088131904602"
"14","qr36ik24","pred","-0.800277054309845","lilac-plant-31","1.3205368518829346"
"14","qr36ik24","pred","-0.8052006959915161","lilac-plant-31","1.32903254032135"
"14","qr36ik24","pred","-0.8101683855056763","lilac-plant-31","1.337575078010559"
"14","qr36ik24","pred","-0.8151803016662598","lilac-plant-31","1.3461641073226929"
"14","qr36ik24","pred","-0.8202368021011353","lilac-plant-31","1.3547993898391724"
"14","qr36ik24","pred","-0.8253380656242371","lilac-plant-31","1.363480806350708"
"14","qr36ik24","pred","-0.8304843306541443","lilac-plant-31","1.3722079992294312"
"14","qr36ik24","pred","-0.8356758952140808","lilac-plant-31","1.3809808492660522"
"14","qr36ik24","pred","-0.840912938117981","lilac-plant-31","1.3897989988327026"
"14","qr36ik24","pred","-0.846195638179779","lilac-plant-31","1.3986622095108032"
"14","qr36ik24","pred","-0.851524293422699","lilac-plant-31","1.4075703620910645"
"14","qr36ik24","pred","-0.856899082660675","lilac-plant-31","1.4165230989456177"
"14","qr36ik24","pred","-0.8623201847076416","lilac-plant-31","1.4255201816558838"
"14","qr36ik24","pred","-0.867787778377533","lilac-plant-31","1.4345612525939941"
"14","qr36ik24","pred","-0.873302161693573","lilac-plant-31","1.4436461925506592"
"14","qr36ik24","pred","-0.8788633942604065","lilac-plant-31","1.4527746438980103"
"14","qr36ik24","pred","-0.8844717741012573","lilac-plant-31","1.4619462490081787"
"14","qr36ik24","pred","-0.890127420425415","lilac-plant-31","1.471160888671875"
"14","qr36ik24","pred","-0.8958304524421692","lilac-plant-31","1.4804182052612305"
"14","qr36ik24","pred","-0.9015811085700989","lilac-plant-31","1.4897178411483765"
"14","qr36ik24","pred","-0.9073795080184937","lilac-plant-31","1.4990596771240234"
"14","qr36ik24","pred","-0.9132258892059326","lilac-plant-31","1.5084432363510132"
"14","qr36ik24","pred","-0.9191203117370605","lilac-plant-31","1.5178683996200562"
"14","qr36ik24","pred","-0.9250629544258118","lilac-plant-31","1.5273346900939941"
"14","qr36ik24","pred","-0.9310539364814758","lilac-plant-31","1.536841869354248"
"14","qr36ik24","pred","-0.9370933771133423","lilac-plant-31","1.5463896989822388"
"14","qr36ik24","pred","-0.9431814551353455","lilac-plant-31","1.5559778213500977"
"14","qr36ik24","pred","-0.9493182897567749","lilac-plant-31","1.5656059980392456"
"14","qr36ik24","pred","-0.9555040001869202","lilac-plant-31","1.5752737522125244"
"14","qr36ik24","pred","-0.961738646030426","lilac-plant-31","1.5849809646606445"
"14","qr36ik24","pred","-0.968022346496582","lilac-plant-31","1.5947271585464478"
"14","qr36ik24","pred","-0.9743552207946777","lilac-plant-31","1.604512095451355"
"14","qr36ik24","pred","-0.9807373881340027","lilac-plant-31","1.6143354177474976"
"14","qr36ik24","pred","-0.9871689081192017","lilac-plant-31","1.6241967678070068"
"14","qr36ik24","pred","-0.9936498999595642","lilac-plant-31","1.6340959072113037"
"14","qr36ik24","pred","-1.0001803636550903","lilac-plant-31","1.6440324783325195"
"14","qr36ik24","pred","-1.0067604780197144","lilac-plant-31","1.6540061235427856"
"14","qr36ik24","pred","-1.013390302658081","lilac-plant-31","1.6640164852142334"
"14","qr36ik24","pred","-1.0200698375701904","lilac-plant-31","1.6740633249282837"
"14","qr36ik24","pred","-1.026799201965332","lilac-plant-31","1.6841462850570679"
"14","qr36ik24","pred","-1.0335783958435059","lilac-plant-31","1.6942650079727173"
"14","qr36ik24","pred","-1.0404075384140015","lilac-plant-31","1.7044191360473633"
"14","qr36ik24","pred","-1.0472866296768188","lilac-plant-31","1.7146083116531372"
"14","qr36ik24","pred","-1.0542157888412476","lilac-plant-31","1.72483229637146"
"14","qr36ik24","pred","-1.0611950159072876","lilac-plant-31","1.7350906133651733"
"14","qr36ik24","pred","-1.068224310874939","lilac-plant-31","1.7453830242156982"
"14","qr36ik24","pred","-1.0753036737442017","lilac-plant-31","1.755709171295166"
"14","qr36ik24","pred","-1.0824332237243652","lilac-plant-31","1.766068696975708"
"14","qr36ik24","pred","-1.0896129608154297","lilac-plant-31","1.7764612436294556"
"14","qr36ik24","pred","-1.0968427658081055","lilac-plant-31","1.7868865728378296"
"14","qr36ik24","pred","-1.1041227579116821","lilac-plant-31","1.7973443269729614"
"14","qr36ik24","pred","-1.1114529371261597","lilac-plant-31","1.8078340291976929"
"14","qr36ik24","pred","-1.118833303451538","lilac-plant-31","1.8183554410934448"
"14","qr36ik24","pred","-1.126263976097107","lilac-plant-31","1.8289082050323486"
"14","qr36ik24","pred","-1.1337448358535767","lilac-plant-31","1.8394919633865356"
"14","qr36ik24","pred","-1.1412757635116577","lilac-plant-31","1.8501063585281372"
"14","qr36ik24","pred","-1.1488568782806396","lilac-plant-31","1.8607511520385742"
"14","qr36ik24","pred","-1.1564881801605225","lilac-plant-31","1.8714258670806885"
"14","qr36ik24","pred","-1.1641695499420166","lilac-plant-31","1.8821302652359009"
"14","qr36ik24","pred","-1.171900987625122","lilac-plant-31","1.8928639888763428"
"14","qr36ik24","pred","-1.1796824932098389","lilac-plant-31","1.9036266803741455"
"14","qr36ik24","pred","-1.187514066696167","lilac-plant-31","1.9144179821014404"
"14","qr36ik24","pred","-1.195395588874817","lilac-plant-31","1.9252375364303589"
"14","qr36ik24","pred","-1.2033270597457886","lilac-plant-31","1.9360851049423218"
"14","qr36ik24","pred","-1.211308479309082","lilac-plant-31","1.9469603300094604"
"14","qr36ik24","pred","-1.2193397283554077","lilac-plant-31","1.9578627347946167"
"14","qr36ik24","pred","-1.227420687675476","lilac-plant-31","1.968792200088501"
"14","qr36ik24","pred","-1.235551357269287","lilac-plant-31","1.979748249053955"
"14","qr36ik24","pred","-1.2437317371368408","lilac-plant-31","1.9907306432724"
"14","qr36ik24","pred","-1.2519617080688477","lilac-plant-31","2.001739025115967"
"14","qr36ik24","pred","-1.260241150856018","lilac-plant-31","2.012773036956787"
"14","qr36ik24","pred","-1.268570065498352","lilac-plant-31","2.023832321166992"
"14","qr36ik24","pred","-1.27694833278656","lilac-plant-31","2.034916639328003"
"14","qr36ik24","pred","-1.285375952720642","lilac-plant-31","2.046025514602661"
"14","qr36ik24","pred","-1.2938528060913086","lilac-plant-31","2.057158946990967"
"14","qr36ik24","pred","-1.30237877368927","lilac-plant-31","2.0683162212371826"
"14","qr36ik24","pred","-1.3109537363052368","lilac-plant-31","2.0794973373413086"
"14","qr36ik24","pred","-1.3195775747299194","lilac-plant-31","2.0907018184661865"
"14","qr36ik24","pred","-1.3282502889633179","lilac-plant-31","2.1019294261932373"
"14","qr36ik24","pred","-1.3369717597961426","lilac-plant-31","2.1131796836853027"
"14","qr36ik24","pred","-1.345741868019104","lilac-plant-31","2.1244523525238037"
"14","qr36ik24","pred","-1.3545604944229126","lilac-plant-31","2.135747194290161"
"14","qr36ik24","pred","-1.3634275197982788","lilac-plant-31","2.147063970565796"
"14","qr36ik24","pred","-1.372342824935913","lilac-plant-31","2.158402442932129"
"14","qr36ik24","pred","-1.3813062906265259","lilac-plant-31","2.169762134552002"
"14","qr36ik24","pred","-1.3903177976608276","lilac-plant-31","2.181142807006836"
"14","qr36ik24","pred","-1.3993772268295288","lilac-plant-31","2.1925439834594727"
"14","qr36ik24","pred","-1.4084844589233398","lilac-plant-31","2.203965663909912"
"14","qr36ik24","pred","-1.4176393747329712","lilac-plant-31","2.215407371520996"
"14","qr36ik24","pred","-1.4268418550491333","lilac-plant-31","2.2268688678741455"
"14","qr36ik24","pred","-1.4360917806625366","lilac-plant-31","2.238349676132202"
"14","qr36ik24","pred","-1.4453890323638916","lilac-plant-31","2.249849796295166"
"14","qr36ik24","pred","-1.4547333717346191","lilac-plant-31","2.261368751525879"
"14","qr36ik24","pred","-1.4641246795654297","lilac-plant-31","2.2729063034057617"
"14","qr36ik24","pred","-1.4735628366470337","lilac-plant-31","2.2844622135162354"
"14","qr36ik24","pred","-1.4830477237701416","lilac-plant-31","2.2960362434387207"
"14","qr36ik24","pred","-1.4925792217254639","lilac-plant-31","2.3076281547546387"
"14","qr36ik24","pred","-1.5021570920944214","lilac-plant-31","2.31923770904541"
"14","qr36ik24","pred","-1.5117812156677246","lilac-plant-31","2.330864429473877"
"14","qr36ik24","pred","-1.521451473236084","lilac-plant-31","2.34250807762146"
"14","qr36ik24","pred","-1.5311676263809204","lilac-plant-31","2.354168653488159"
"14","qr36ik24","pred","-1.5409295558929443","lilac-plant-31","2.3658456802368164"
"14","qr36ik24","pred","-1.5507371425628662","lilac-plant-31","2.3775389194488525"
"14","qr36ik24","pred","-1.560590147972107","lilac-plant-31","2.3892481327056885"
"14","qr36ik24","pred","-1.570488452911377","lilac-plant-31","2.400973081588745"
"14","qr36ik24","pred","-1.5804319381713867","lilac-plant-31","2.4127135276794434"
"14","qr36ik24","pred","-1.5904203653335571","lilac-plant-31","2.424468994140625"
"14","qr36ik24","pred","-1.600453495979309","lilac-plant-31","2.43623948097229"
"14","qr36ik24","pred","-1.610531210899353","lilac-plant-31","2.4480247497558594"
"14","qr36ik24","pred","-1.6206533908843994","lilac-plant-31","2.459824562072754"
"14","qr36ik24","pred","-1.6308197975158691","lilac-plant-31","2.4716386795043945"
"14","qr36ik24","pred","-1.6410303115844727","lilac-plant-31","2.483466625213623"
"14","qr36ik24","pred","-1.6512846946716309","lilac-plant-31","2.4953083992004395"
"14","qr36ik24","pred","-1.6615828275680542","lilac-plant-31","2.5071637630462646"
"14","qr36ik24","pred","-1.6719245910644531","lilac-plant-31","2.5190324783325195"
"14","qr36ik24","pred","-1.682309627532959","lilac-plant-31","2.530914306640625"
"14","qr36ik24","pred","-1.6927378177642822","lilac-plant-31","2.542809009552002"
"14","qr36ik24","pred","-1.7032090425491333","lilac-plant-31","2.5547163486480713"
"14","qr36ik24","pred","-1.713723063468933","lilac-plant-31","2.566636085510254"
"14","qr36ik24","pred","-1.7242796421051025","lilac-plant-31","2.57856822013855"
"14","qr36ik24","pred","-1.734878659248352","lilac-plant-31","2.590512275695801"
"14","qr36ik24","pred","-1.745519995689392","lilac-plant-31","2.6024680137634277"
"14","qr36ik24","pred","-1.756203293800354","lilac-plant-31","2.6144354343414307"
"14","qr36ik24","pred","-1.7669284343719482","lilac-plant-31","2.6264142990112305"
"14","qr36ik24","pred","-1.7776952981948853","lilac-plant-31","2.638404369354248"
"14","qr36ik24","pred","-1.7885035276412964","lilac-plant-31","2.6504054069519043"
"14","qr36ik24","pred","-1.7993531227111816","lilac-plant-31","2.66241717338562"
"14","qr36ik24","pred","-1.8102437257766724","lilac-plant-31","2.6744396686553955"
"14","qr36ik24","pred","-1.821175217628479","lilac-plant-31","2.6864724159240723"
"14","qr36ik24","pred","-1.8321473598480225","lilac-plant-31","2.6985154151916504"
"14","qr36ik24","pred","-1.8431600332260132","lilac-plant-31","2.710568428039551"
"14","qr36ik24","pred","-1.854212999343872","lilac-plant-31","2.7226312160491943"
"14","qr36ik24","pred","-1.86530601978302","lilac-plant-31","2.734703779220581"
"14","qr36ik24","pred","-1.8764389753341675","lilac-plant-31","2.746785879135132"
"14","qr36ik24","pred","-1.8876116275787354","lilac-plant-31","2.7588772773742676"
"14","qr36ik24","pred","-1.8988237380981445","lilac-plant-31","2.770977735519409"
"14","qr36ik24","pred","-1.9100751876831055","lilac-plant-31","2.7830870151519775"
"14","qr36ik24","pred","-1.9213656187057495","lilac-plant-31","2.7952051162719727"
"14","qr36ik24","pred","-1.9326950311660767","lilac-plant-31","2.8073318004608154"
"14","qr36ik24","pred","-1.9440630674362183","lilac-plant-31","2.8194668292999268"
"14","qr36ik24","pred","-1.9554696083068848","lilac-plant-31","2.8316102027893066"
"14","qr36ik24","pred","-1.9669145345687866","lilac-plant-31","2.843761682510376"
"14","qr36ik24","pred","-1.9783974885940552","lilac-plant-31","2.8559210300445557"
"14","qr36ik24","pred","-1.9899183511734009","lilac-plant-31","2.8680882453918457"
"14","qr36ik24","pred","-2.001477003097534","lilac-plant-31","2.880263090133667"
"14","qr36ik24","pred","-2.013072967529297","lilac-plant-31","2.8924453258514404"
"14","qr36ik24","pred","-2.0247063636779785","lilac-plant-31","2.904634952545166"
"14","qr36ik24","pred","-2.036376714706421","lilac-plant-31","2.9168317317962646"
"14","qr36ik24","pred","-2.048084020614624","lilac-plant-31","2.9290354251861572"
"14","qr36ik24","pred","-2.059828042984009","lilac-plant-31","2.9412460327148438"
"14","qr36ik24","pred","-2.071608543395996","lilac-plant-31","2.953463315963745"
"14","qr36ik24","pred","-2.083425283432007","lilac-plant-31","2.9656870365142822"
"14","qr36ik24","pred","-2.095278263092041","lilac-plant-31","2.977917194366455"
"14","qr36ik24","pred","-2.1071670055389404","lilac-plant-31","2.9901535511016846"
"14","qr36ik24","pred","-2.119091510772705","lilac-plant-31","3.0023961067199707"
"14","qr36ik24","pred","-2.131051540374756","lilac-plant-31","3.0146446228027344"
"14","qr36ik24","pred","-2.1430468559265137","lilac-plant-31","3.0268990993499756"
"14","qr36ik24","pred","-2.1550772190093994","lilac-plant-31","3.0391592979431152"
"14","qr36ik24","pred","-2.167142629623413","lilac-plant-31","3.051424980163574"
"14","qr36ik24","pred","-2.1792428493499756","lilac-plant-31","3.0636961460113525"
"14","qr36ik24","pred","-2.1913774013519287","lilac-plant-31","3.075972557067871"
"14","qr36ik24","pred","-2.2035465240478516","lilac-plant-31","3.08825421333313"
"14","qr36ik24","pred","-2.215749740600586","lilac-plant-31","3.10054087638855"
"14","qr36ik24","pred","-2.2279868125915527","lilac-plant-31","3.112832546234131"
"14","qr36ik24","pred","-2.240257740020752","lilac-plant-31","3.125128984451294"
"14","qr36ik24","pred","-2.2525622844696045","lilac-plant-31","3.137430191040039"
"14","qr36ik24","pred","-2.264899969100952","lilac-plant-31","3.149735927581787"
"14","qr36ik24","pred","-2.277271032333374","lilac-plant-31","3.162045955657959"
"14","qr36ik24","pred","-2.289674997329712","lilac-plant-31","3.174360513687134"
"14","qr36ik24","pred","-2.302111864089966","lilac-plant-31","3.1866791248321533"
"14","qr36ik24","pred","-2.3145813941955566","lilac-plant-31","3.1990017890930176"
"14","qr36ik24","pred","-2.3270833492279053","lilac-plant-31","3.2113285064697266"
"14","qr36ik24","pred","-2.3396174907684326","lilac-plant-31","3.223659038543701"
"14","qr36ik24","pred","-2.3521835803985596","lilac-plant-31","3.2359933853149414"
"14","qr36ik24","pred","-2.364781618118286","lilac-plant-31","3.248331308364868"
"14","qr36ik24","pred","-2.377411365509033","lilac-plant-31","3.2606728076934814"
"14","qr36ik24","pred","-2.3900725841522217","lilac-plant-31","3.2730178833007812"
"14","qr36ik24","pred","-2.4027650356292725","lilac-plant-31","3.2853660583496094"
"14","qr36ik24","pred","-2.4154887199401855","lilac-plant-31","3.297717571258545"
"14","qr36ik24","pred","-2.428243398666382","lilac-plant-31","3.310072183609009"
"14","qr36ik24","pred","-2.4410288333892822","lilac-plant-31","3.322429895401001"
"14","qr36ik24","pred","-2.4538447856903076","lilac-plant-31","3.3347904682159424"
"14","qr36ik24","pred","-2.466691255569458","lilac-plant-31","3.347153902053833"
"14","qr36ik24","pred","-2.4795680046081543","lilac-plant-31","3.3595199584960938"
"14","qr36ik24","pred","-2.4924747943878174","lilac-plant-31","3.3718886375427246"
"14","qr36ik24","pred","-2.505411386489868","lilac-plant-31","3.3842597007751465"
"14","qr36ik24","pred","-2.5183777809143066","lilac-plant-31","3.3966333866119385"
"14","qr36ik24","pred","-2.5313737392425537","lilac-plant-31","3.4090092182159424"
"14","qr36ik24","pred","-2.5443990230560303","lilac-plant-31","3.4213874340057373"
"14","qr36ik24","pred","-2.5574536323547363","lilac-plant-31","3.433767795562744"
"14","qr36ik24","pred","-2.5705370903015137","lilac-plant-31","3.446150064468384"
"14","qr36ik24","pred","-2.5836493968963623","lilac-plant-31","3.4585342407226562"
"14","qr36ik24","pred","-2.5967905521392822","lilac-plant-31","3.4709203243255615"
"14","qr36ik24","pred","-2.6099600791931152","lilac-plant-31","3.4833083152770996"
"14","qr36ik24","pred","-2.6231579780578613","lilac-plant-31","3.4956979751586914"
"14","qr36ik24","pred","-2.6363842487335205","lilac-plant-31","3.508089065551758"
"14","qr36ik24","pred","-2.6496384143829346","lilac-plant-31","3.520481824874878"
"14","qr36ik24","pred","-2.6629204750061035","lilac-plant-31","3.5328760147094727"
"14","qr36ik24","pred","-2.6762301921844482","lilac-plant-31","3.545271635055542"
"14","qr36ik24","pred","-2.6895673274993896","lilac-plant-31","3.557668447494507"
"14","qr36ik24","pred","-2.7029318809509277","lilac-plant-31","3.570066452026367"
"14","qr36ik24","pred","-2.7163236141204834","lilac-plant-31","3.582465648651123"
"14","qr36ik24","pred","-2.7297425270080566","lilac-plant-31","3.5948657989501953"
"14","qr36ik24","pred","-2.7431883811950684","lilac-plant-31","3.607266902923584"
"14","qr36ik24","pred","-2.7566609382629395","lilac-plant-31","3.619668960571289"
"14","qr36ik24","pred","-2.770159959793091","lilac-plant-31","3.6320717334747314"
"14","qr36ik24","pred","-2.7836854457855225","lilac-plant-31","3.644475221633911"
"14","qr36ik24","pred","-2.7972371578216553","lilac-plant-31","3.656879425048828"
"14","qr36ik24","pred","-2.8108150959014893","lilac-plant-31","3.6692841053009033"
"14","qr36ik24","pred","-2.8244190216064453","lilac-plant-31","3.6816892623901367"
"14","qr36ik24","pred","-2.8380486965179443","lilac-plant-31","3.6940948963165283"
"14","qr36ik24","pred","-2.8517041206359863","lilac-plant-31","3.706501007080078"
"14","qr36ik24","pred","-2.865384817123413","lilac-plant-31","3.718907356262207"
"14","qr36ik24","pred","-2.8790910243988037","lilac-plant-31","3.731313943862915"
"14","qr36ik24","pred","-2.892822504043579","lilac-plant-31","3.743720769882202"
"14","qr36ik24","pred","-2.90657901763916","lilac-plant-31","3.7561275959014893"
"14","qr36ik24","pred","-2.9203603267669678","lilac-plant-31","3.7685344219207764"
"14","qr36ik24","pred","-2.934166431427002","lilac-plant-31","3.7809412479400635"
"14","qr36ik24","pred","-2.9479970932006836","lilac-plant-31","3.7933480739593506"
"14","qr36ik24","pred","-2.9618523120880127","lilac-plant-31","3.8057546615600586"
"14","qr36ik24","pred","-2.97573184967041","lilac-plant-31","3.8181610107421875"
"14","qr36ik24","pred","-2.989635467529297","lilac-plant-31","3.8305671215057373"
"14","qr36ik24","pred","-3.003563165664673","lilac-plant-31","3.842972993850708"
"14","qr36ik24","pred","-3.017514705657959","lilac-plant-31","3.8553783893585205"
"14","qr36ik24","pred","-3.0314900875091553","lilac-plant-31","3.867783308029175"
"14","qr36ik24","pred","-3.0454890727996826","lilac-plant-31","3.880187749862671"
"14","qr36ik24","pred","-3.059511661529541","lilac-plant-31","3.892591714859009"
"14","qr36ik24","pred","-3.0735576152801514","lilac-plant-31","3.9049949645996094"
"14","qr36ik24","pred","-3.0876266956329346","lilac-plant-31","3.9173974990844727"
"14","qr36ik24","pred","-3.1017189025878906","lilac-plant-31","3.9297993183135986"
"14","qr36ik24","pred","-3.1158339977264404","lilac-plant-31","3.9422004222869873"
"14","qr36ik24","pred","-3.129971981048584","lilac-plant-31","3.9546008110046387"
"14","qr36ik24","pred","-3.144132614135742","lilac-plant-31","3.9670002460479736"
"14","qr36ik24","pred","-3.158315896987915","lilac-plant-31","3.979398727416992"
"14","qr36ik24","pred","-3.1725215911865234","lilac-plant-31","3.9917962551116943"
"14","qr36ik24","pred","-3.1867494583129883","lilac-plant-31","4.00419282913208"
"14","qr36ik24","pred","-3.2009994983673096","lilac-plant-31","4.01658821105957"
"14","qr36ik24","pred","-3.2152717113494873","lilac-plant-31","4.028982639312744"
"14","qr36ik24","pred","-3.2295656204223633","lilac-plant-31","4.041375637054443"
"14","qr36ik24","pred","-3.2438814640045166","lilac-plant-31","4.053767681121826"
"14","qr36ik24","pred","-3.258218765258789","lilac-plant-31","4.066158294677734"
"14","qr36ik24","pred","-3.2725777626037598","lilac-plant-31","4.078547477722168"
"14","qr36ik24","pred","-3.2869582176208496","lilac-plant-31","4.090935707092285"
"14","qr36ik24","pred","-3.3013598918914795","lilac-plant-31","4.103322505950928"
"14","qr36ik24","pred","-3.3157825469970703","lilac-plant-31","4.115707874298096"
"14","qr36ik24","pred","-3.330226421356201","lilac-plant-31","4.128091812133789"
"14","qr36ik24","pred","-3.344691038131714","lilac-plant-31","4.140474319458008"
"14","qr36ik24","pred","-3.3591763973236084","lilac-plant-31","4.152854919433594"
"14","qr36ik24","pred","-3.3736824989318848","lilac-plant-31","4.165234088897705"
"14","qr36ik24","pred","-3.388209104537964","lilac-plant-31","4.177611827850342"
"14","qr36ik24","pred","-3.4027562141418457","lilac-plant-31","4.189987659454346"
"14","qr36ik24","pred","-3.417323589324951","lilac-plant-31","4.202362060546875"
"14","qr36ik24","pred","-3.4319112300872803","lilac-plant-31","4.2147345542907715"
"14","qr36ik24","pred","-3.446518898010254","lilac-plant-31","4.227105140686035"
"14","qr36ik24","pred","-3.461146593093872","lilac-plant-31","4.239474296569824"
"14","qr36ik24","pred","-3.4757940769195557","lilac-plant-31","4.2518415451049805"
"14","qr36ik24","pred","-3.4904613494873047","lilac-plant-31","4.264206886291504"
"14","qr36ik24","pred","-3.50514817237854","lilac-plant-31","4.2765703201293945"
"14","qr36ik24","pred","-3.5198545455932617","lilac-plant-31","4.288931846618652"
"14","qr36ik24","pred","-3.5345804691314697","lilac-plant-31","4.301291465759277"
"14","qr36ik24","pred","-3.549325466156006","lilac-plant-31","4.3136491775512695"
"14","qr36ik24","pred","-3.564089775085449","lilac-plant-31","4.326004981994629"
"14","qr36ik24","pred","-3.5788731575012207","lilac-plant-31","4.3383588790893555"
"14","qr36ik24","pred","-3.593675374984741","lilac-plant-31","4.350710868835449"
"14","qr36ik24","pred","-3.6084964275360107","lilac-plant-31","4.363060474395752"
"14","qr36ik24","pred","-3.6233363151550293","lilac-plant-31","4.375408172607422"
"14","qr36ik24","pred","-3.6381947994232178","lilac-plant-31","4.387753963470459"
"14","qr36ik24","pred","-3.653071880340576","lilac-plant-31","4.400097370147705"
"14","qr36ik24","pred","-3.6679673194885254","lilac-plant-31","4.412438869476318"
"14","qr36ik24","pred","-3.6828811168670654","lilac-plant-31","4.424777984619141"
"14","qr36ik24","pred","-3.6978132724761963","lilac-plant-31","4.43711519241333"
"14","qr36ik24","pred","-3.712763547897339","lilac-plant-31","4.4494500160217285"